[
  {
    "id": 1,
    "name": "Alabama",
    "code": "AL"
  }, {
    "id": 2,
    "name": "Alaska",
    "code": "AK"
  }, {
    "id": 60,
    "name": "American Samoa",
    "code": "AS"
  }, {
    "id": 4,
    "name": "Arizona",
    "code": "AZ"
  }, {
    "id": 5,
    "name": "Arkansas",
    "code": "AR"
  }, {
    "id": 6,
    "name": "California",
    "code": "CA"
  }, {
    "id": 8,
    "name": "Colorado",
    "code": "CO"
  }, {
    "id": 9,
    "name": "Connecticut",
    "code": "CT"
  }, {
    "id": 10,
    "name": "Delaware",
    "code": "DE"
  }, {
    "id": 11,
    "name": "District of Columbia",
    "code": "DC"
  }, {
    "id": 12,
    "name": "Florida",
    "code": "FL"
  }, {
    "id": 13,
    "name": "Georgia",
    "code": "GA"
  }, {
    "id": 66,
    "name": "Guam",
    "code": "GU"
  }, {
    "id": 15,
    "name": "Hawaii",
    "code": "HI"
  }, {
    "id": 16,
    "name": "Idaho",
    "code": "ID"
  }, {
    "id": 17,
    "name": "Illinois",
    "code": "IL"
  }, {
    "id": 18,
    "name": "Indiana",
    "code": "IN"
  }, {
    "id": 19,
    "name": "Iowa",
    "code": "IA"
  }, {
    "id": 20,
    "name": "Kansas",
    "code": "KS"
  }, {
    "id": 21,
    "name": "Kentucky",
    "code": "KY"
  }, {
    "id": 22,
    "name": "Louisiana",
    "code": "LA"
  }, {
    "id": 23,
    "name": "Maine",
    "code": "ME"
  }, {
    "id": 24,
    "name": "Maryland",
    "code": "MD"
  }, {
    "id": 25,
    "name": "Massachusetts",
    "code": "MA"
  }, {
    "id": 26,
    "name": "Michigan",
    "code": "MI"
  }, {
    "id": 27,
    "name": "Minnesota",
    "code": "MN"
  }, {
    "id": 28,
    "name": "Mississippi",
    "code": "MS"
  }, {
    "id": 29,
    "name": "Missouri",
    "code": "MO"
  }, {
    "id": 30,
    "name": "Montana",
    "code": "MT"
  }, {
    "id": 31,
    "name": "Nebraska",
    "code": "NE"
  }, {
    "id": 32,
    "name": "Nevada",
    "code": "NV"
  }, {
    "id": 33,
    "name": "New Hampshire",
    "code": "NH"
  }, {
    "id": 34,
    "name": "New Jersey",
    "code": "NJ"
  }, {
    "id": 35,
    "name": "New Mexico",
    "code": "NM"
  }, {
    "id": 36,
    "name": "New York",
    "code": "NY"
  }, {
    "id": 37,
    "name": "North Carolina",
    "code": "NC"
  }, {
    "id": 38,
    "name": "North Dakota",
    "code": "ND"
  }, {
    "id": 39,
    "name": "Ohio",
    "code": "OH"
  }, {
    "id": 40,
    "name": "Oklahoma",
    "code": "OK"
  }, {
    "id": 41,
    "name": "Oregon",
    "code": "OR"
  }, {
    "id": 42,
    "name": "Pennsylvania",
    "code": "PA"
  }, {
    "id": 72,
    "name": "Puerto Rico",
    "code": "PR"
  }, {
    "id": 44,
    "name": "Rhode Island",
    "code": "RI"
  }, {
    "id": 45,
    "name": "South Carolina",
    "code": "SC"
  }, {
    "id": 46,
    "name": "South Dakota",
    "code": "SD"
  }, {
    "id": 47,
    "name": "Tennessee",
    "code": "TN"
  }, {
    "id": 48,
    "name": "Texas",
    "code": "TX"
  }, {
    "id": 49,
    "name": "Utah",
    "code": "UT"
  }, {
    "id": 50,
    "name": "Vermont",
    "code": "VT"
  }, {
    "id": 51,
    "name": "Virginia",
    "code": "VA"
  }, {
    "id": 78,
    "name": "Virgin Islands of the U.S.",
    "code": "VI"
  }, {
    "id": 53,
    "name": "Washington",
    "code": "WA"
  }, {
    "id": 54,
    "name": "West Virginia",
    "code": "WV"
  }, {
    "id": 55,
    "name": "Wisconsin",
    "code": "WI"
  }, {
    "id": 56,
    "name": "Wyoming",
    "code": "WY"
  }
]